{"stats":{"minecraft:custom":{"minecraft:interact_with_furnace":4,"minecraft:mob_kills":14,"minecraft:interact_with_crafting_table":6,"minecraft:leave_game":1,"minecraft:time_since_death":13377,"minecraft:sleep_in_bed":4,"minecraft:time_since_rest":5461,"minecraft:sprint_one_cm":146658,"minecraft:damage_taken":2037,"minecraft:walk_one_cm":158293,"minecraft:damage_blocked_by_shield":260,"minecraft:damage_dealt":2220,"minecraft:swim_one_cm":6669,"minecraft:talked_to_villager":1,"minecraft:fly_one_cm":155036,"minecraft:open_chest":2,"minecraft:crouch_one_cm":3885,"minecraft:play_time":45370,"minecraft:deaths":7,"minecraft:sneak_time":1450,"minecraft:walk_under_water_one_cm":3036,"minecraft:jump":985,"minecraft:walk_on_water_one_cm":354,"minecraft:total_world_time":45370,"minecraft:fall_one_cm":25707},"minecraft:crafted":{"minecraft:red_dye":1,"minecraft:wooden_sword":1,"minecraft:crafting_table":1,"minecraft:spruce_planks":32,"minecraft:wooden_pickaxe":1,"minecraft:red_bed":1,"minecraft:furnace":1,"minecraft:yellow_bed":1,"minecraft:bucket":1,"minecraft:iron_boots":1,"minecraft:yellow_dye":1,"minecraft:shield":1,"minecraft:stick":28,"minecraft:iron_ingot":6,"minecraft:iron_pickaxe":1,"minecraft:stone_pickaxe":1,"minecraft:stone_sword":1,"minecraft:torch":72},"minecraft:mined":{"minecraft:white_bed":2,"minecraft:red_bed":1,"minecraft:dandelion":1,"minecraft:crafting_table":1,"minecraft:torch":1,"minecraft:short_grass":31,"minecraft:grass_block":17,"minecraft:poppy":1,"minecraft:tall_grass":9,"minecraft:spruce_leaves":28,"minecraft:sugar_cane":1,"minecraft:blue_bed":5,"minecraft:furnace":1,"minecraft:iron_ore":6,"minecraft:wheat":1,"minecraft:spruce_log":9,"minecraft:potatoes":1,"minecraft:coal_ore":43,"minecraft:dirt":5,"minecraft:stone":33},"minecraft:picked_up":{"minecraft:crafting_table":1,"minecraft:chicken":4,"minecraft:wooden_pickaxe":5,"minecraft:potato":9,"minecraft:yellow_bed":5,"minecraft:shield":5,"minecraft:dirt":20,"minecraft:blue_bed":5,"minecraft:string":6,"minecraft:red_bed":6,"minecraft:wooden_sword":5,"minecraft:bone":4,"minecraft:wheat_seeds":41,"minecraft:spruce_planks":38,"minecraft:iron_ingot":4,"minecraft:stone_pickaxe":5,"minecraft:poppy":1,"minecraft:sugar_cane":30,"minecraft:iron_boots":5,"minecraft:furnace":1,"minecraft:raw_iron":6,"minecraft:torch":11,"minecraft:dandelion":1,"minecraft:spruce_sapling":20,"minecraft:white_bed":2,"minecraft:spruce_log":9,"minecraft:spider_eye":7,"minecraft:stone_sword":5,"minecraft:arrow":2,"minecraft:rotten_flesh":9,"minecraft:coal":161,"minecraft:cobblestone":133},"minecraft:killed_by":{"minecraft:skeleton":1,"minecraft:spider":1,"minecraft:zombie":5},"minecraft:killed":{"minecraft:spider":3,"minecraft:zombie":9,"minecraft:chicken":1,"minecraft:drowned":1},"minecraft:used":{"minecraft:wheat_seeds":1,"minecraft:stone_sword":54,"minecraft:stone_pickaxe":69,"minecraft:wooden_pickaxe":15,"minecraft:shield":10,"minecraft:blue_bed":4,"minecraft:rotten_flesh":9,"minecraft:torch":73,"minecraft:dirt":13,"minecraft:crafting_table":1,"minecraft:red_bed":1,"minecraft:spruce_log":1,"minecraft:bread":2,"minecraft:iron_pickaxe":1,"minecraft:iron_boots":2,"minecraft:cobblestone":3,"minecraft:furnace":1,"minecraft:bucket":1}},"DataVersion":3953}