{"stats":{"minecraft:crafted":{"minecraft:oak_planks":40,"minecraft:cooked_porkchop":2,"minecraft:crafting_table":1,"minecraft:stick":12,"minecraft:stone_pickaxe":2,"minecraft:wooden_pickaxe":2,"minecraft:wooden_axe":1,"minecraft:stone_axe":1,"minecraft:cooked_mutton":5},"minecraft:custom":{"minecraft:time_since_rest":15801,"minecraft:interact_with_furnace":1,"minecraft:sprint_one_cm":48737,"minecraft:damage_taken":500,"minecraft:walk_one_cm":257515,"minecraft:mob_kills":8,"minecraft:drop":7,"minecraft:damage_dealt":947,"minecraft:talked_to_villager":23,"minecraft:interact_with_crafting_table":4,"minecraft:fly_one_cm":28575,"minecraft:open_chest":11,"minecraft:play_time":49549,"minecraft:sneak_time":29,"minecraft:walk_under_water_one_cm":8658,"minecraft:jump":446,"minecraft:interact_with_brewingstand":1,"minecraft:walk_on_water_one_cm":11047,"minecraft:time_since_death":49549,"minecraft:sleep_in_bed":1,"minecraft:climb_one_cm":7138,"minecraft:total_world_time":49549,"minecraft:fall_one_cm":8294},"minecraft:mined":{"minecraft:furnace":1,"minecraft:carrots":1,"minecraft:stripped_spruce_wood":2,"minecraft:wheat":2,"minecraft:white_carpet":2,"minecraft:light_gray_wool":1,"minecraft:crafting_table":2,"minecraft:torch":1,"minecraft:short_grass":27,"minecraft:grass_block":1,"minecraft:potatoes":10,"minecraft:oak_log":11,"minecraft:iron_bars":2,"minecraft:tall_grass":4,"minecraft:stone":22},"minecraft:picked_up":{"minecraft:wooden_axe":2,"minecraft:crafting_table":2,"minecraft:wheat":1,"minecraft:brown_wool":1,"minecraft:torch":1,"minecraft:wooden_pickaxe":1,"minecraft:potato":15,"minecraft:porkchop":3,"minecraft:stripped_spruce_wood":2,"minecraft:oak_log":10,"minecraft:grass_block":2,"minecraft:carrot":6,"minecraft:spider_eye":1,"minecraft:dirt":1,"minecraft:white_carpet":2,"minecraft:bone":1,"minecraft:stone_axe":2,"minecraft:wheat_seeds":8,"minecraft:beef":3,"minecraft:gray_wool":1,"minecraft:mutton":5,"minecraft:iron_bars":2,"minecraft:white_wool":3,"minecraft:furnace":1,"minecraft:cobblestone":22,"minecraft:ender_pearl":2},"minecraft:dropped":{"minecraft:stone_axe":2,"minecraft:wooden_axe":2,"minecraft:wooden_pickaxe":1,"minecraft:carrot":2},"minecraft:killed":{"minecraft:sheep":5,"minecraft:pig":1,"minecraft:spider":1,"minecraft:cow":1},"minecraft:used":{"minecraft:wooden_axe":34,"minecraft:bread":4,"minecraft:stone_pickaxe":2,"minecraft:ender_pearl":1,"minecraft:wooden_pickaxe":24,"minecraft:stone_axe":56,"minecraft:crafting_table":2,"minecraft:furnace":1,"minecraft:carrot":4,"minecraft:potato":15,"minecraft:splash_potion":1}},"DataVersion":3953}