{"stats":{"minecraft:dropped":{"minecraft:wooden_pickaxe":2,"minecraft:paper":10,"minecraft:white_wool":2},"minecraft:custom":{"minecraft:interact_with_smithing_table":1,"minecraft:interact_with_furnace":2,"minecraft:mob_kills":35,"minecraft:interact_with_crafting_table":8,"minecraft:open_barrel":4,"minecraft:leave_game":9,"minecraft:time_since_death":52649,"minecraft:sleep_in_bed":6,"minecraft:time_since_rest":3834,"minecraft:sprint_one_cm":163744,"minecraft:damage_taken":646,"minecraft:walk_one_cm":125379,"minecraft:damage_blocked_by_shield":586,"minecraft:drop":4,"minecraft:damage_dealt":6267,"minecraft:swim_one_cm":33611,"minecraft:talked_to_villager":4,"minecraft:fly_one_cm":140791,"minecraft:open_chest":7,"minecraft:crouch_one_cm":18976,"minecraft:play_time":52649,"minecraft:sneak_time":5095,"minecraft:walk_under_water_one_cm":5359,"minecraft:jump":852,"minecraft:interact_with_blast_furnace":7,"minecraft:walk_on_water_one_cm":6783,"minecraft:interact_with_smoker":9,"minecraft:total_world_time":52649,"minecraft:fall_one_cm":15712},"minecraft:crafted":{"minecraft:cooked_beef":12,"minecraft:coal_block":9,"minecraft:crafting_table":1,"minecraft:spruce_planks":48,"minecraft:wooden_pickaxe":1,"minecraft:furnace":1,"minecraft:bucket":1,"minecraft:stone_axe":1,"minecraft:cooked_mutton":4,"minecraft:air":0,"minecraft:shield":1,"minecraft:stick":24,"minecraft:iron_ingot":16,"minecraft:iron_pickaxe":1,"minecraft:stone_pickaxe":1,"minecraft:stone_sword":1,"minecraft:torch":64,"minecraft:stone_hoe":1},"minecraft:used":{"minecraft:cooked_mutton":2,"minecraft:water_bucket":3,"minecraft:stone_sword":113,"minecraft:stone_pickaxe":131,"minecraft:wooden_pickaxe":21,"minecraft:shield":22,"minecraft:rotten_flesh":1,"minecraft:torch":54,"minecraft:dirt":8,"minecraft:crafting_table":4,"minecraft:blast_furnace":2,"minecraft:white_bed":4,"minecraft:granite":1,"minecraft:smoker":2,"minecraft:bread":2,"minecraft:iron_pickaxe":123,"minecraft:stone_axe":47,"minecraft:light_gray_wool":1,"minecraft:cobblestone":30,"minecraft:goat_horn":3,"minecraft:furnace":1,"minecraft:bucket":4,"minecraft:cooked_beef":6},"minecraft:killed":{"minecraft:salmon":1,"minecraft:skeleton":1,"minecraft:sheep":3,"minecraft:pillager":15,"minecraft:zombie":8,"minecraft:cow":7},"minecraft:picked_up":{"minecraft:crafting_table":4,"minecraft:salmon":1,"minecraft:leather":5,"minecraft:wooden_pickaxe":1,"minecraft:smoker":3,"minecraft:gold_block":1,"minecraft:oak_log":20,"minecraft:gunpowder":2,"minecraft:lapis_lazuli":15,"minecraft:dirt":8,"minecraft:raw_gold":4,"minecraft:beef":12,"minecraft:light_gray_wool":1,"minecraft:sugar_cane":13,"minecraft:furnace":1,"minecraft:stick":3,"minecraft:raw_iron":16,"minecraft:torch":4,"minecraft:spruce_sapling":5,"minecraft:carrot":1,"minecraft:blast_furnace":3,"minecraft:white_bed":5,"minecraft:spruce_log":12,"minecraft:arrow":2,"minecraft:rotten_flesh":6,"minecraft:hay_block":4,"minecraft:crossbow":1,"minecraft:granite":1,"minecraft:oak_sapling":3,"minecraft:mutton":4,"minecraft:coal":431,"minecraft:white_wool":3,"minecraft:cobblestone":66},"minecraft:broken":{"minecraft:stone_pickaxe":1},"minecraft:mined":{"minecraft:white_bed":5,"minecraft:smoker":3,"minecraft:crafting_table":4,"minecraft:torch":1,"minecraft:granite":1,"minecraft:short_grass":1,"minecraft:blast_furnace":3,"minecraft:grass_block":3,"minecraft:tall_grass":2,"minecraft:spruce_leaves":8,"minecraft:lapis_ore":2,"minecraft:sugar_cane":1,"minecraft:wall_torch":3,"minecraft:hay_block":4,"minecraft:furnace":1,"minecraft:iron_ore":16,"minecraft:fire":1,"minecraft:spruce_log":13,"minecraft:light_gray_wool":1,"minecraft:gold_block":1,"minecraft:oak_log":20,"minecraft:coal_ore":173,"minecraft:dirt":5,"minecraft:stone":69,"minecraft:gold_ore":4,"minecraft:oak_leaves":9}},"DataVersion":3953}